# id,sample,weight_mg,lf0_mean,lf0_mean_err,lf0_calc,lf0_calc_err,lf1_fit,lf1_fit_err,dlf_fit,dlf_fit_err,dlf_rel_calc,dlf_rel_calc_err,k_fit,k_fit_err,m_fit,m_fit_err,adR2,FStat,pFStat
447,CB3000,3300,53.476700000000974,0.1298613644390601,53.40990294699225,0.012916425222250715,48.662163484987815,0.008108669125726891,4.747739462004433,0.010054030312838625,0.0888924937144414,0.00017203958679833583,5.1798985167878095,0.024874661931639393,-0.0979277616990297,0.0002271963239269276,0.9974069194880159,561289.4136312865,1.1102230246251565e-16
448,CB3000,3300,48.18469999999985,0.21712451048431414,47.55917954885042,0.0339458265294071,42.234688583307104,0.025499955852393216,5.324490965543318,0.022406949598073267,0.11195506348199859,0.0004226761233698459,13.766629432222672,0.1078637860888554,-0.08402400704946271,0.00039861724606830005,0.9965946061427723,629348.673122333,1.1102230246251565e-16
449,CB3000,3300,51.232799999999756,0.18761492307212452,50.2061865963286,0.021568759551226092,46.43260551860734,0.015174955935755286,3.773581077721258,0.015327494933174571,0.07516167495575549,0.00028325725850191256,9.36832444628916,0.08787868342375608,-0.09535860559279277,0.00027263505578785526,0.9947469567653208,406995.5362169768,1.1102230246251565e-16
458,CB3000,3300,76.26969999999972,0.3635988367887256,75.62556413054958,0.02558721803826245,76.26137621256223,0.011195562324294667,-0.6358120820126448,0.02300793583050025,-0.008407369773996875,0.0003067952384647835,5.604508454156482,0.3974878093269287,-0.0666996424740155,0.00020616211255966306,0.9629491054531718,62968.03414977684,1.1102230246251565e-16
460,CB3000,3300,46.18940000000009,0.22283917361473357,45.79020878094643,0.018633692621124645,41.891843351984136,0.013993539882996488,3.8983654289622915,0.012304281459782272,0.08513534951569,0.00024720609911104894,8.781799525680212,0.053378508065943915,-0.11948603165704465,0.00033526352007618793,0.99891153569524,1307989.382774672,1.1102230246251565e-16
461,CB3000,3300,46.058099999999996,0.2364959203037553,45.27563472401939,0.018146603903872002,41.47862536788184,0.013597621917875178,3.7970093561375506,0.012016817857592052,0.0838642987399839,0.0002444568552946586,8.290398160937826,0.05299543645558707,-0.12260419247354729,0.000333271687062488,0.9987310176299401,1121916.5594275664,1.1102230246251565e-16
