# id,sample,weight_mg,lf0_mean,lf0_mean_err,lf0_calc,lf0_calc_err,lf1_fit,lf1_fit_err,dlf_fit,dlf_fit_err,dlf_rel_calc,dlf_rel_calc_err,k_fit,k_fit_err,m_fit,m_fit_err,adR2,FStat,pFStat
462,CB6000,2000,44.922799999999896,0.1428305309118487,44.75219874383633,0.011562905759011545,40.24970341609276,0.008391302118592011,4.502495327743571,0.007955302530155316,0.10060947739162636,0.0001609878398365673,9.383968394041007,0.03752377442061825,-0.07317672298787398,0.00016003300280159865,0.9984537060982189,1270430.6797833971,1.1102230246251565e-16
463,CB6000,2000,46.60830000000006,0.14547258254486387,45.959754448093264,0.01599797355517489,40.76423623218677,0.011998234610860397,5.1955182159064925,0.010581943304271991,0.11304495157332242,0.00020633715096566937,11.624173853068596,0.047233983427490744,-0.07513175075953153,0.0002117580178313763,0.9987796416946699,1610264.9171940885,1.1102230246251565e-16
464,CB6000,2000,45.97410000000064,0.15067147006614184,45.832423547736646,0.01298655682870452,41.79721398076981,0.009688611256902992,4.035209566966833,0.008647628008753882,0.08804268364215936,0.00017307105946100715,7.84287581928074,0.03527993899933556,-0.0840730643016601,0.0002429850836182195,0.9988102374480972,1193145.8402220763,1.1102230246251565e-16
465,CB6000,2000,44.22459999999979,0.4806723269399705,46.46445738754431,0.009871224710444536,42.916898777086196,0.007306529136518207,3.5475586104581085,0.006637447495935566,0.0763499416525867,0.00013248851588824003,7.409382704097701,0.03015275913805896,-0.08454086322487751,0.00018702104083737235,0.9990696312426285,1527005.216790363,1.1102230246251565e-16
466,CB6000,2000,46.35029999999947,0.11167982083788555,45.81064041709079,0.008596806547996723,41.93670238561309,0.006203236928466244,3.8739380314777008,0.0059518849478960864,0.08456415357233105,0.00011948670884868777,9.186240901163847,0.03213516896373853,-0.0648446185768919,0.00011928731539497843,0.9988205925943611,1663068.3413962803,1.1102230246251565e-16
467,CB6000,2000,48.121299999999586,0.08463730544785526,47.75633120709011,0.009733358194716076,43.559490187469414,0.006683324359564495,4.196841019620696,0.007076117385367374,0.08788030641260011,0.0001357083791792705,8.136370527695325,0.03177074071680511,-0.07239316616265377,0.00013310247908669484,0.9983126563750138,1165842.4208007785,1.1102230246251565e-16
