# id,sample,weight_mg,lf0_mean,lf0_mean_err,lf0_calc,lf0_calc_err,lf1_fit,lf1_fit_err,dlf_fit,dlf_fit_err,dlf_rel_calc,dlf_rel_calc_err,k_fit,k_fit_err,m_fit,m_fit_err,adR2,FStat,pFStat
442,CB8000,2500,47.496600000000704,0.11722705396870882,47.08383016005216,0.01311086066152996,41.32089233450901,0.008536176683645473,5.76293782554315,0.009951299156976498,0.12239738793452411,0.00018680641899558364,5.456126499688999,0.021618496205576827,-0.09420324001917572,0.00023661280246471618,0.9978350482132426,670155.4895138204,1.1102230246251565e-16
443,CB8000,2500,44.15259999999981,0.15393809449560159,43.24600675279005,0.018191530091096905,38.23394298810092,0.01276601120775394,5.012063764689131,0.012959966238335077,0.11589656805401514,0.0002671479071415748,6.289469257554638,0.03757511305042833,-0.08289875281802692,0.00034019209777324004,0.9959674466703964,358556.8881375593,1.1102230246251565e-16
454,CB8000,2500,47.33449999999939,0.10483673373746702,47.48426837759369,0.01861306654910769,43.315488613057106,0.013979396561564857,4.168779764536587,0.01228913008052321,0.08779286081416598,0.00023749368196839072,3.9562667214029474,0.021830999828188764,-0.13520068858607967,0.0007573569831494693,0.9991543118182663,735170.0421379637,1.1102230246251565e-16
455,CB8000,2500,49.69679999999965,0.10450206065279487,49.52063000129919,0.010907977892729423,46.228647116139456,0.007952943232151743,3.29198288515973,0.00746556599692519,0.06647699928440659,0.00014113919536085424,2.9921562931470347,0.01524577894022622,-0.1583462529176839,0.000481354155604887,0.9991650193029212,737425.7635867706,1.1102230246251565e-16
456,CB8000,2500,45.452900000000106,0.17297835561570019,45.43273323395855,0.014154011125745982,41.26816430326038,0.010621326591032038,4.164568930698171,0.009355396966156853,0.09166450341546648,0.00018826580254104272,4.341555303659515,0.019160023537986213,-0.12135574936018337,0.0005073833701245835,0.9993141929798296,1051689.00781923,1.1102230246251565e-16
457,CB8000,2500,49.41699999999983,0.18613340819327873,48.95309632241461,0.011179943760084389,45.397344501508236,0.008115400681494491,3.5557518209063717,0.007689695329299374,0.07263589206875698,0.00014616989813218828,3.437228428496651,0.01680456702975766,-0.1489869073315827,0.000422892590546461,0.999095520245923,795042.5667035712,1.1102230246251565e-16
