# id,sample,weight_mg,lf0_mean,lf0_mean_err,lf0_calc,lf0_calc_err,lf1_fit,lf1_fit_err,dlf_fit,dlf_fit_err,dlf_rel_calc,dlf_rel_calc_err,k_fit,k_fit_err,m_fit,m_fit_err,adR2,FStat,pFStat
434,CB8000,1250,49.16330000000006,0.20762036561044825,48.720752552208445,0.026301468157573893,44.37734944399836,0.019753892775757415,4.343403108210081,0.01736522235526377,0.0891489330661663,0.0003266547265204342,8.953661893925887,0.06856251856425774,-0.07062891968799885,0.0004659476678956374,0.9965295886183584,414645.99951655004,1.1102230246251565e-16
435,CB8000,1250,47.943499999999894,0.20435143627953656,47.420090409159094,0.04031927882856561,43.464709192031975,0.030150289056067807,3.955381217127121,0.026769466096490925,0.08341150729571674,0.0005201409194400627,10.575477914537675,0.11703443665908372,-0.07667204795383574,0.0006623965445410476,0.9959623286451357,355818.8789516568,1.1102230246251565e-16
436,CB8000,1250,45.13810000000031,0.21434629535948238,44.85798207898512,0.008248564121018974,40.232679693485665,0.006151255363571749,4.625302385499455,0.005495531594913391,0.10310990756015968,0.00011078359839816931,11.480434580301816,0.028719303441763232,-0.05565573377967846,0.00010511029676885338,0.9993511209400431,3217695.109992196,1.1102230246251565e-16
437,CB8000,1250,45.927699999999994,0.2293803071872675,45.1608552852048,0.010455254059439065,41.143809913752044,0.007794119395002642,4.017045371452763,0.00696879044769325,0.08894971864646664,0.00014142023430494815,11.434924805414624,0.04185450528463149,-0.057908287503957656,0.00013344833493334255,0.9988474833596901,1809167.1745231044,1.1102230246251565e-16
438,CB8000,1250,48.70820000000004,0.22338903881493993,48.44931416501084,0.027637537989819588,44.62204675179077,0.020505795011268715,3.8272674132200706,0.018529594628446357,0.07899528567494252,0.00035382438670149145,5.332034907688483,0.037511799551691184,-0.10007346060233803,0.0009519360013305627,0.9991694270277915,776229.0911070366,1.1102230246251565e-16
439,CB8000,1250,44.37089999999979,0.14506630978360938,44.01928971712953,0.012277210561407159,40.91233278222236,0.009214861527042066,3.1069569349071724,0.008112720025156018,0.07058171440004268,0.00017192712073087866,3.9150680771175494,0.019955059288484955,-0.12668046947692307,0.0004903471270172161,0.999351831245837,996009.028658813,1.1102230246251565e-16
