# id,sample,weight,lf0_mean,lf0_mean_err,lf0_calc,lf0_calc_err,lf1_fit,lf1_fit_err,dlf_fit,dlf_fit_err,dlf_rel_calc,dlf_rel_calc_err,k_fit,k_fit_err,m_fit,m_fit_err
134,FLINTNB,5g,47.0656,0.09468688190877265,46.677254414181135,0.022351084922948714,43.8604024331438,0.014763261711874042,2.816851981037336,0.016781451095169906,0.060347422237875696,0.00033836356283498977,5.4723794884430506,0.07508391279139288,-0.06690608405050298,0.0004151787491634904
135,FLINTNB,5g,56.05929999999999,0.2035065721909862,56.213184581728626,0.017125955120694026,51.17079628002014,0.012470368068063406,5.042388301708483,0.011738324371180517,0.08970116778168527,0.00019112552595379362,6.876324138963557,0.036065936338638624,-0.058372245308637605,0.0003272377662743188
152,FLINTNB,5g,40.77429999999972,0.16017229837011443,40.580823969583875,0.010472231754002465,38.24372754485934,0.005863443833965622,2.3370964247245363,0.008676846449918776,0.05759115257187079,0.0002016742280731218,4.047970511121045,0.0325508932423503,-0.05197987979456734,0.0001874131820473024
153,FLINTNB,5g,56.70199999999953,0.17845965327728208,54.91958585249369,0.02091453843186373,50.8455870516125,0.015147607773972904,4.073998800881191,0.014421092071815522,0.07418116392616982,0.00024396615155211447,6.269267070621265,0.05032726601130309,-0.05925954052255588,0.0004304264887890597
158,FLINTNB,5g,58.92469999999993,0.3950138553847777,59.08005588112061,0.031634425667880266,55.17611956024584,0.02311866815259243,3.9039363208747733,0.02159314868626043,0.06607875132566184,0.00034231652725437363,6.5571051447798565,0.08125530897682326,-0.0677340912639324,0.00064231394038803
159,FLINTNB,5g,56.17370000000039,0.26700112284333144,55.88639708607172,0.016432983697741915,51.11569618806536,0.011655679214571434,4.77070089800636,0.011583958531402767,0.08536425940392814,0.0001904169770603479,5.9471028965951644,0.03324635386319126,-0.07687234680764982,0.00033461583730760337
