# id,sample,weight_mg,lf0_mean,lf0_mean_err,lf0_calc,lf0_calc_err,lf1_fit,lf1_fit_err,dlf_fit,dlf_fit_err,dlf_rel_calc,dlf_rel_calc_err,k_fit,k_fit_err,m_fit,m_fit_err,adR2,FStat,pFStat
154,FLINTAD,3000,42.84309999999957,0.15334896773668125,42.292895415128484,0.020894262502888773,39.439601883728095,0.015590352371940884,2.853293531400389,0.01391082738223507,0.06746507902553639,0.0003077326060016135,7.0231435123533945,0.07179169123121473,-0.045374368918104875,0.00043706416653833935,0.9920294754041274,158161.4119327427,1.1102230246251565e-16
155,FLINTAD,3000,57.101900000000285,0.3160795727286033,56.30643234153009,0.015723170825797887,51.81662288858136,0.010471610629777715,4.489809452948732,0.011728745526932885,0.07973883739810612,0.00019226504419706463,4.948269660250596,0.0298247029947652,-0.06077870960503929,0.00032904124143466596,0.9943260219810043,222472.23272986116,1.1102230246251565e-16
166,FLINTAD,3000,63.758799999999866,0.24083305537355143,64.28911529971612,0.020144985139421603,59.835045310606205,0.009974316894893653,4.454069989109913,0.01750238351618877,0.06928186783011432,0.000253611152338928,3.3685265539545433,0.02723628817659376,-0.09526761515095229,0.00034193461170316133,0.9911123668740758,141737.70316214554,1.1102230246251565e-16
167,FLINTAD,3000,53.55820000000022,0.23031675103171653,52.7245262145943,0.013419809797458292,48.37835294497816,0.009455115248685341,4.34617326961614,0.009523239503133139,0.08243171786744491,0.00016639149634320067,5.5602956868164215,0.028117069860066266,-0.084323515435552,0.00028693971142749477,0.997569676669547,521705.6813257688,1.1102230246251565e-16
178,FLINTAD,3000,67.20729999999976,0.2048870144462269,66.37214530602509,0.03340427369774832,61.92451668707978,0.023164557342839023,4.4476286189453145,0.024067587838925673,0.06701046950401301,0.0003391241375002123,5.358453264733753,0.0671229292584035,-0.1009200324765957,0.0007108572698703323,0.98690302947387,95775.3431197771,1.1102230246251565e-16
179,FLINTAD,3000,52.45949999999959,0.2263647300066663,51.178411430893355,0.018348517305032522,47.71609632698642,0.013705419131840814,3.4623151039069384,0.012199572685698861,0.06765186740081083,0.00022298420741494242,7.098606857529477,0.05206180349457475,-0.051635679272552776,0.0003826318721971718,0.995735883861637,296798.8042961506,1.1102230246251565e-16
