# id,sample,weight,lf0_mean,lf0_mean_err,lf0_calc,lf0_calc_err,lf1_fit,lf1_fit_err,dlf_fit,dlf_fit_err,dlf_rel_calc,dlf_rel_calc_err,k_fit,k_fit_err,m_fit,m_fit_err
288,GWGT,03g,47.296699999999994,0.1881342725409288,47.52885315729127,0.021886293874960095,41.37236653290742,0.004398912262171082,6.156486624383853,0.02143966955181065,0.1295315627332658,0.00039284036559475536,1.908345250667005,0.010568749854046837,-0.04501575967412729,0.00010067919184804232
289,GWGT,03g,45.88040000000001,0.2206003275258324,44.85206005245456,0.018790389202244233,40.35111377156799,0.001968486978424721,4.50094628088657,0.01868699508716126,0.1003509376296809,0.0003748523056241626,0.665838990886276,0.004087491621854285,-0.007391089582600604,4.674610788172643e-05
290,GWGT,03g,49.25460000000053,0.21896754733701168,49.713242232870115,0.023512169893667056,43.974899999109425,0.006537896770871446,5.738342233760688,0.022584907325957578,0.11542884704402821,0.00040215051577741166,1.8147961476714662,0.01216584593427709,-0.061650068203993984,0.00023461777949924034
291,GWGT,03g,43.9968000000006,0.18980459895847065,43.46652601530384,0.029561243308501708,39.02183866130866,0.00363173237940293,4.444687353995186,0.02933730774745415,0.10225540804503874,0.0006059841865328544,0.5380338201874836,0.005322668635006052,0.0034841047923184843,0.00013888584678246554
292,GWGT,03g,52.57670000000011,0.18044298176895027,51.14634933474867,0.01847941032092987,46.21639912783092,0.004994591408678947,4.929950206917752,0.01779164586174196,0.0963890926926501,0.0003144688149830279,2.808050319117725,0.017133046485010423,-0.060833683527840784,0.0001123337678070903
293,GWGT,03g,38.984000000000364,0.19632254720877762,41.406801162730204,0.024308365862109643,36.564531341156886,0.0023244534308611057,4.842269821573315,0.024196974338415445,0.11694382771909914,0.0005160750397843184,0.5575863798994192,0.004099715637242534,-0.0004673130416325398,5.602024677229047e-05
295,GWGT,03g,35.98640000000049,0.1392639021226785,36.1422958882521,0.01311126383060366,32.167253288502835,0.002095267278416798,3.9750425997492638,0.01294276223484352,0.10998312370746029,0.00031878388814849073,0.8453412497437588,0.004235221492404947,0.001699097649692301,7.770828514518387e-05
