# id,sample,weight,lf0_mean,lf0_mean_err,lf0_calc,lf0_calc_err,lf1_fit,lf1_fit_err,dlf_fit,dlf_fit_err,dlf_rel_calc,dlf_rel_calc_err,k_fit,k_fit_err,m_fit,m_fit_err
402,GWGT,10g,33.9362,0.06643774510001148,33.44497170393547,0.00801447470217958,30.76165254472712,0.004545146811914402,2.683319159208351,0.006601018497930514,0.08023086947006161,0.00018186154775954805,6.593029891956146,0.03531649257490229,-0.027921559703095514,9.031833425419928e-05
403,GWGT,10g,47.32379999999999,0.06322624105193571,50.819473155175665,0.01454722116460754,43.47649500901682,0.009375042106854097,7.342978146158842,0.011123409059578733,0.1444914260275247,0.00018914210067060258,7.840913397233994,0.027175297041818494,-0.07206814450004637,0.0001786916866224503
404,GWGT,10g,36.587400000000265,0.19503661009994835,35.33897574303393,0.052093341575741886,31.65422947607187,0.03661337174456556,3.684746266962055,0.03705640627504462,0.1042686209627453,0.0009454548387389948,3.0948167296934894,0.0718571376469409,-0.10371894332822593,0.0019877820719144176
405,GWGT,10g,45.15879999999943,0.05296569989498305,49.81122970971958,0.1054300958708445,43.4245161158242,0.07839236366122061,6.386713593895383,0.07049923712312355,0.12821834817398925,0.0012502488103648941,5.694581815612223,0.09411177685728271,-0.10128993439207712,0.0033541305459573374
406,GWGT,10g,28.843800000000016,0.19114941302054264,28.422180396711617,0.028570521564822038,25.663951048967885,0.01694259652656117,2.7582293477437307,0.023004850041330818,0.0970449595789228,0.0007331357003029741,2.3568007671570075,0.04360358640350143,-0.04321617123619614,0.000982954589457833
407,GWGT,10g,41.84309999999942,0.12762710793040208,44.53830598677335,0.042265994302974993,39.506882049076175,0.03174480558040289,5.031423937697175,0.027904866835043958,0.11296846223094721,0.0005615599940459305,4.58713301568787,0.047376829031927276,-0.11361231298124065,0.0014884162909320833
419,GWGT,10g,32.049800000000374,0.11032738613840382,36.025883144445054,0.059966215545541,31.675340937158058,0.04496682628972455,4.3505422072869955,0.03967280605508035,0.1207615699480172,0.000979906749379257,4.197878071199878,0.07629398558647582,-0.1025997840450695,0.0021980571198484144
