# id,sample,weight,lf0_mean,lf0_mean_err,lf0_calc,lf0_calc_err,lf1_fit,lf1_fit_err,dlf_fit,dlf_fit_err,dlf_rel_calc,dlf_rel_calc_err,k_fit,k_fit_err,m_fit,m_fit_err
256,GWGT,08g,42.977100000000306,0.1567487166140777,44.399147344325826,0.053067680251878115,35.958053020102675,0.0065086185679964995,8.44109432422315,0.0526670349616523,0.1901183880573309,0.0009610997226585223,0.533957370380779,0.004993024725695251,0.04963723610462706,0.0002500558940157208
257,GWGT,08g,25.960900000000027,0.14561041306305117,25.286018896458334,0.017350527927360596,21.988023494166047,0.004540982976644403,3.297995402292288,0.016745754475805077,0.13042762547149006,0.0005763534913934375,1.6698396559478303,0.014232535384368385,-0.04052003606445788,0.00016515210789763853
258,GWGT,08g,53.683299999999996,0.16370066556953172,55.93562394870274,0.029488727101780854,50.89905485279572,0.004600382931837987,5.036569095907022,0.02912767589361977,0.09004224392894844,0.0004739053466088479,1.1900662801301316,0.010547750020210384,0.012668358909091074,0.00011736492967070597
259,GWGT,08g,26.3935,0.2092642863499203,25.277910986795746,0.04981640431501508,20.964253334769364,0.0037074742670926376,4.3136576520263805,0.049678252519949805,0.1706492935385237,0.0016301011289699453,0.3196952428994571,0.00537970961688285,0.014749654759252604,9.724583448176706e-05
260,GWGT,08g,61.66440000000056,0.13133883618294193,65.69149909086313,0.08718350538628684,52.21362168095123,0.011558203006368216,13.477877409911903,0.08641395462947109,0.20516927755400405,0.0010461839327462017,0.6185045825001998,0.005982217996007234,0.0511391879407149,0.0004364123269196753
261,GWGT,08g,33.255399999999945,0.3047683115478445,31.63887750996413,0.054833776048077876,26.187382175135618,0.01659216622297469,5.45149533482851,0.05226320900710113,0.17230368975990548,0.0013702266539890996,2.027790741327995,0.03384250048880816,-0.0022142051032455904,0.0005852537800544712
274,GWGT,08g,61.18379999999923,0.056220287447866085,64.0550464226267,0.03898280204223835,52.15302162571317,0.006901313483347759,11.902024796913532,0.03836705262681647,0.1858093227875529,0.0004880865304321339,0.9518302610994134,0.004787130904135638,0.014428000018463274,0.000264299774281651
373,GWGT,08g,54.37210000000041,0.16582849299529043,55.10224985401501,0.030741140461791595,47.14936962007961,0.006508094115552703,7.952880233935395,0.030044341029130738,0.1443295011547684,0.00046686316210372934,1.2718326055485085,0.00771798019322181,0.01965618441119547,0.00023876047358239422
