# id,sample,weight,lf0_mean,lf0_mean_err,lf0_calc,lf0_calc_err,lf1_fit,lf1_fit_err,dlf_fit,dlf_fit_err,dlf_rel_calc,dlf_rel_calc_err,k_fit,k_fit_err,m_fit,m_fit_err
262,GWHZ,08g,47.82579999999955,0.13421017983883393,49.13209395087431,0.021030900309269084,45.24630422162319,0.003122590800231291,3.885789729251118,0.02079779302023956,0.07908862449738864,0.0003898575198960232,0.7333257523236714,0.005988508647109092,-0.03244411697992684,0.00011917736718291953
263,GWHZ,08g,39.20679999999992,0.34448865356123465,37.849975758421586,0.021063851204722407,33.98828969289959,0.004782384499981173,3.861686065521994,0.020513766745018463,0.10202611727334521,0.0004868507140324462,1.3798120150235609,0.011932195416539185,0.00011737886071823644,0.00017699220005254203
264,GWHZ,08g,56.33930000000007,0.21220400689087066,58.79043909410639,0.029730398652718426,53.63362833625303,0.004525158319101482,5.156810757853354,0.029384001535472125,0.08771512574687187,0.00045601834293787334,1.551601922621256,0.013497218638253546,-0.018380586343361493,8.552173507606996e-05
265,GWHZ,08g,25.08820000000019,0.14339219407388015,24.309685828366185,0.016539621314049627,22.07304788165465,0.002800788638174881,2.236637946711536,0.01630075630811145,0.09200604082269445,0.0006089437525586232,1.8310287940143006,0.020654380825274526,0.00851466505447636,5.260534539442473e-05
266,GWHZ,08g,34.30629999999968,0.11774622785539222,36.11370864332719,0.023106786906031077,33.14398400473001,0.01001835325217124,2.9697246385971865,0.020822012372377442,0.08223261332496541,0.0005296468963395645,1.2088810982087466,0.016567622202145065,-0.019299121606435776,0.0008455108254669449
