# id,sample,weight,lf0_mean,lf0_mean_err,lf0_calc,lf0_calc_err,lf1_fit,lf1_fit_err,dlf_fit,dlf_fit_err,dlf_rel_calc,dlf_rel_calc_err,k_fit,k_fit_err,m_fit,m_fit_err
296,GWHZ,03g,47.050599999999925,0.1239960282227432,46.93067465624972,0.011781883609812818,43.04384891548222,0.0023733893363242337,3.8868257407674967,0.011540355473441809,0.08282058097900988,0.00022557531190521164,1.8467861957075962,0.00872411034587068,-0.04577525365899602,5.6290354709860976e-05
297,GWHZ,03g,39.803199999999734,0.17709071438424132,39.55835965883534,0.006989510222357464,37.30504035447767,0.0010052831248900562,2.2533193043576727,0.006916838800149297,0.05696189942634274,0.00016489798680839794,1.1028548342239093,0.005138553301109059,-0.032179207212373266,2.4425715118197603e-05
298,GWHZ,03g,30.532300000000102,0.07149700568430718,31.07709405783801,0.01749003192445149,28.6143165822199,0.0064076942688011075,2.4627774756181124,0.016273987553021715,0.07924735404908204,0.0004824427508193426,2.7095793402604107,0.03298841326140813,-0.0027946990523941948,0.0002060441651805776
299,GWHZ,03g,39.352599999999995,0.23780199702649668,39.225424420635534,0.007863836124788486,36.85156192711989,0.001562488249916529,2.3738624935156443,0.007707045417434697,0.06051846547431654,0.00018460588732992946,1.2429616376705912,0.006409587307521189,-0.029135561569321927,5.3911059093968596e-05
301,GWHZ,03g,38.508000000000756,0.1329423697459697,38.43756077238554,0.0069821968268104165,36.46675438689491,0.0009005473412599654,1.9708063854906221,0.0069238780328997026,0.05127293058893832,0.0001709013959908596,0.9335835642735877,0.004925512169936997,-0.026133062961559053,2.170379355537578e-05
