# id,sample,weight,lf0_mean,lf0_mean_err,lf0_calc,lf0_calc_err,lf1_fit,lf1_fit_err,dlf_fit,dlf_fit_err,dlf_rel_calc,dlf_rel_calc_err,k_fit,k_fit_err,m_fit,m_fit_err
244,GWHZ,05g,58.168899999999994,0.2135612286872278,58.866616859338485,0.0133851688890367,53.56079615618539,0.0028978273743373467,5.3058207031530955,0.013067721404153713,0.09013293078879206,0.0002020289000741801,1.2861357513143536,0.005109784593762598,-0.01848162416208339,0.00010823203512625015
245,GWHZ,05g,46.5881,0.24821361767638755,46.90185048016955,0.0209134779529055,42.75610497737986,0.003072161263826718,4.145745502789684,0.020686599170857134,0.08839193891811446,0.00040211687690626483,0.7163617735646584,0.005447985323190783,-0.014811051436569871,0.00011801990190196858
250,GWHZ,05g,39.912500000000044,0.2602334941383822,39.75246075453083,0.018727115481454188,37.75536559442523,0.003722484540580328,1.997095160105598,0.018353418294717243,0.05023827763613292,0.00043852322545841535,1.0669424598489523,0.015578196021710384,-0.01105950521392734,0.00014952306524710761
251,GWHZ,05g,59.4471,0.22720742332329963,61.09764058278518,0.016645509528522652,55.39595537343848,0.004726730011632412,5.701685209346698,0.015960294823757857,0.09332087384980296,0.00023695820876406826,1.7195174442673655,0.008242973615833265,-0.024690951953511103,0.00018323661988897043
254,GWHZ,05g,60.859700000000075,0.19365798050535757,62.360429288165584,0.026694069547120173,57.26463084081628,0.008963897142964411,5.0957984473493,0.025144023086945393,0.0817152560608872,0.00037044306547040495,1.1762238493393293,0.010416560896349345,-0.02255127518998422,0.0006065795935717396
255,GWHZ,05g,22.97169999999991,0.20166749807487525,22.747859674360683,0.0077223494090442124,20.875545382437565,0.0017182147894275733,1.8723142919231193,0.007528772697641885,0.08230727280392984,0.00030378889564402963,0.6962417361784041,0.004547471811680624,-0.019556414608289854,0.00012201818178384488
379,GWHZ,05g,52.33409999999966,0.10713854893859862,52.91644015547319,0.016268043462625406,50.88737406758647,0.005213876156425087,2.0290660878867186,0.015409890769480855,0.03834472012715033,0.00028007083086437106,1.1497223887799595,0.015458199187831097,-0.06770434044998136,0.0003438855690370289
