# id,sample,weight,lf0_mean,lf0_mean_err,lf0_calc,lf0_calc_err,lf1_fit,lf1_fit_err,dlf_fit,dlf_fit_err,dlf_rel_calc,dlf_rel_calc_err,k_fit,k_fit_err,m_fit,m_fit_err
268,GWOS,08g,52.92749999999986,0.27522626963918156,57.070405483381464,0.04944804484675347,46.09394092780426,0.007143719445255149,10.976464555577206,0.04892930013452088,0.19233198822765474,0.000692872386605278,1.1085188709289169,0.007504448099251555,0.029641463178727408,0.00017388815268495978
269,GWOS,08g,31.640799999999967,0.33043084684173263,31.586869539432346,0.11996476661721751,27.496109919655115,0.011927321239180399,4.09075961977723,0.11937036582661906,0.1295082317249076,0.0032900506750073843,0.580962239920196,0.02498925003801934,0.018667915390595757,0.00029571887256069003
270,GWOS,08g,57.04540000000002,0.23024302780291053,56.891616899936636,0.08067598280410293,46.93255467260027,0.011453431646402,9.959062227336368,0.07985883235390503,0.17505324633069902,0.0011585149160138438,0.7026484744469068,0.008554947180277826,0.04811709375634498,0.0004252851774018808
272,GWOS,08g,65.3570999999998,0.13381889813287765,64.14832900843739,0.08764572559583217,53.47446791857342,0.008313365195864444,10.673861089863971,0.08725056546716531,0.16639343931250408,0.0011340248140842806,0.552384857118033,0.006642686500824067,0.011260773767834693,0.00019929927940493005
276,GWOS,08g,62.393699999999995,0.13729223998157786,64.81429932375931,0.047968109010638756,52.991256950279634,0.005097659288288869,11.823042373479677,0.047696471062721665,0.18241410455463555,0.0006018278019050425,0.880894196439663,0.005252549853217543,-1.0900926200548207e-05,9.425874050134676e-05
277,GWOS,08g,35.86620000000008,0.43994444093670665,36.4453910740425,0.058517161285366937,29.704286268990273,0.006982070618912492,6.741104805052222,0.05809912955260316,0.18496453478457636,0.0012997653973876595,1.0782608189686285,0.013848404991811737,0.03454396857844835,0.00012853900067427107
