# id,sample,weight_mg,lf0_mean,lf0_mean_err,lf0_calc,lf0_calc_err,lf1_fit,lf1_fit_err,dlf_fit,dlf_fit_err,dlf_rel_calc,dlf_rel_calc_err,k_fit,k_fit_err,m_fit,m_fit_err,adR2,FStat,pFStat
394,GWOS,10000,51.134899999999995,0.22262423846372104,52.250661341767476,0.025755327838812313,45.00086242609323,0.006058294316658806,7.2497989156742495,0.025032658309844764,0.1387503761579951,0.00041292775846394004,3.8375065558147923,0.021705183220365104,-0.01143525289193801,8.460578840080103e-05,0.9457260528430071,60444.13007432999,1.1102230246251565e-16
395,GWOS,10000,46.0975,0.0875866509316431,49.17612643453667,0.014006523741430426,42.4126672443919,0.0038716359870930362,6.763459190144769,0.013460800202911426,0.13753541973559663,0.00023632745237319242,4.724296511528844,0.015980425818824497,-0.03888284815282852,5.315435023378694e-05,0.9930963691779375,498985.2474471194,1.1102230246251565e-16
398,GWOS,10000,47.20659999999955,0.06164608860455039,46.36745905824806,0.38568515992486696,34.77090187460865,0.2795524236026657,11.59655718363941,0.26571316309913207,0.250101200694899,0.0045542346386211055,23.870953497685882,0.5833442018199184,0.03453699093187771,0.0034151646888666756,0.9590101394975936,47542.234871441295,1.1102230246251565e-16
399,GWOS,10000,49.17799999999948,0.10500965206602073,52.61640890162176,0.021693879560169122,45.116696265284816,0.012532513300854482,7.499712636336947,0.017707640179736802,0.1425356232569834,0.0002905631338153739,6.451493176304797,0.03342753674662478,-0.0737064185235084,0.00025906011517091656,0.9927438542879213,277870.66360862536,1.1102230246251565e-16
400,GWOS,10000,41.55259999999951,0.050157310092904986,40.78288858114846,0.012204550651903748,36.12925650580152,0.006064148241763942,4.65363207534694,0.010591372088487662,0.11410746607826208,0.00023069230033579728,3.52509927197737,0.016531774512682527,-0.045087512147872544,0.0001993041710933168,0.9934555401912862,201099.3740592047,1.1102230246251565e-16
401,GWOS,10000,46.400800000000764,0.11345586028157595,49.41609460386725,0.02751758353981611,43.03570100200668,0.019771967019734736,6.380393601860572,0.019138618655516405,0.12911569910587894,0.00034122270973005215,6.1096279768788895,0.04186927474012055,-0.10287795541673986,0.0005665719897100288,0.995068497058534,267054.1013541448,1.1102230246251565e-16
