# id,sample,weight_mg,lf0_mean,lf0_mean_err,lf0_calc,lf0_calc_err,lf1_fit,lf1_fit_err,dlf_fit,dlf_fit_err,dlf_rel_calc,dlf_rel_calc_err,k_fit,k_fit_err,m_fit,m_fit_err,adR2,FStat,pFStat
268,GWOS,8000,52.92749999999986,0.27522626963918156,57.07040817375548,0.04944784879543915,46.093941129612,0.007143727489664645,10.976467044143483,0.04892910083018103,0.19233202276606715,0.0006928695065627362,1.1085182830837845,0.007504510681523025,0.02964145886948175,0.0001738883004717811,0.9210408529824635,24088.76477967857,1.1102230246251565e-16
269,GWOS,8000,31.640799999999967,0.33043084684173263,31.5868695404238,0.11996476685550608,27.49610992406404,0.011927321218218859,4.090759616359759,0.11937036606818861,0.12950823161264982,0.003290050681982994,0.5809622371150863,0.02498925024613267,0.01866791526789613,0.0002957188701268127,0.3902535272429183,1319.4532880346778,1.1102230246251565e-16
270,GWOS,8000,57.04540000000002,0.23024302780291053,56.89161688778452,0.08067598336409007,46.93255468359598,0.01145343172244471,9.959062204188537,0.07985883290871608,0.17505324596121466,0.0011585149248257798,0.7026484713935899,0.00855494718577085,0.0481170933147106,0.00042528517884582326,0.8565571829309417,8093.765744447814,1.1102230246251565e-16
272,GWOS,8000,65.3570999999998,0.13381889813287765,64.14832898651494,0.08764572619889106,53.47446792528551,0.008313365192761284,10.673861061229426,0.08725056607325114,0.16639343892298816,0.0011340248228750678,0.5523848566591248,0.006642686326708923,0.01126077358709743,0.00019929927926302655,0.7677208506037637,7052.568863962875,1.1102230246251565e-16
276,GWOS,8000,62.393699999999995,0.13729223998157786,64.81429785316092,0.047968122153266346,52.99125498785443,0.005097670798504759,11.823042865306494,0.047696483050019035,0.18241411628175028,0.0006018279588951223,0.8808946997384098,0.0052525393603946435,-1.0859712529755801e-05,9.42588675859191e-05,0.915495391966813,29855.897655843815,1.1102230246251565e-16
277,GWOS,8000,35.86620000000008,0.43994444093670665,36.44539106587952,0.05851716309392962,29.704286267653785,0.00698207060673952,6.741104798225738,0.0580991313756416,0.1849645346386972,0.0012997654386626132,1.0782608241613054,0.013848404977901064,0.034543968601001694,0.00012853900038873177,0.8852610297963645,21260.880239696293,1.1102230246251565e-16
