# id,sample,weight,lf0_mean,lf0_mean_err,lf0_calc,lf0_calc_err,lf1_fit,lf1_fit_err,dlf_fit,dlf_fit_err,dlf_rel_calc,dlf_rel_calc_err,k_fit,k_fit_err,m_fit,m_fit_err
88,MS,8g,68.84299999999999,1.0377963249699886,65.93732585010179,0.3050535204707821,40.35048744535754,0.22818093202822157,25.586838404744242,0.20246262027927522,0.3880478632529309,0.002309546202422142,19.112711356987546,0.2484151767959591,0.05447722076545354,0.0027672245291840594
89,MS,8g,51.69800000000001,0.02835560621888347,53.49890472835238,0.02272541667549515,40.45789590804561,0.003946430797257755,13.041008820306773,0.02238013063047954,0.24376216459989575,0.00031686665519302544,1.8801288434084498,0.005012307646818232,-0.005090444507540753,7.486369142251044e-05
90,MS,8g,60.94799999999999,0.106818074360575,60.73616063641201,0.050560290143611825,48.62222292004781,0.03451081033576815,12.113937716364195,0.03695060093387994,0.19945181897292588,0.0005000484427585415,8.179785685044024,0.057768215829835864,-0.13289279746478153,0.0006779063201145446
91,MS,8g,52.36299999999999,0.08122173167921137,54.40950834891993,0.030393590176162777,40.27383992867295,0.00581242617124308,14.13566842024698,0.029832633571315607,0.2598014363518428,0.00040679737903539473,1.6544742538518984,0.005507294784277569,-0.014000523763037285,0.00014333118799412473
98,MS,8g,58.924699999999994,2.1705924033271145,62.8091150548592,0.034635966323643144,48.97470212656891,0.021051450749683544,13.83441292829029,0.027504301200106687,0.22026122985822894,0.0003493394567556952,4.8079830304241495,0.02141377245904392,-0.19026207851329718,0.0006141275024412537
99,MS,8g,55.3785,0.280046739270744,58.07126829287037,0.07776947839123695,40.32206164397248,0.017510073415188645,17.74920664889789,0.07577261443450249,0.3056452385262787,0.0009106839972690308,1.4792701858119293,0.010261714171443465,-0.021226860218415522,0.0005984137617109206
