# id,sample,weight,lf0_mean,lf0_mean_err,lf0_calc,lf0_calc_err,lf1_fit,lf1_fit_err,dlf_fit,dlf_fit_err,dlf_rel_calc,dlf_rel_calc_err,k_fit,k_fit_err,m_fit,m_fit_err
9,MS,3g,95.93599999999998,0.052261966393476814,95.3281862396383,0.006587180956277158,89.29825574879159,0.0009831683242315487,6.029930490846714,0.00651339642559611,0.06325443427286583,6.400742941888676e-05,2.798709376521415,0.004600634272828021,0.0001673808226551626,1.0032593963092169e-05
10,MS,3g,96.3393,0.054667161061270744,95.06718994184578,0.009166145741456118,90.0731912917911,0.001584749884434174,4.993998650054682,0.00902811140590323,0.05253125345463135,8.998118589398897e-05,1.9466719736990907,0.005463199417529412,-0.003927488287623285,2.8856948586555597e-05
11,MS,3g,95.16690000000001,0.047292987076595225,94.41183685455162,0.006552054753596184,89.12371883644961,0.0021622717619256314,5.288118018102005,0.006184981998494528,0.05601117608005805,6.18546367951912e-05,2.217138290538869,0.0046269359288991525,-0.005604355537523781,7.645100183152638e-05
68,MS,3g,87.0178,0.10165379232223813,85.79635198089382,0.006634975695553072,80.32770374825832,0.0017984654142503811,5.4686482326355,0.006386581607896761,0.06373986896148365,6.97069318990247e-05,2.8114546829385483,0.005555304183689077,-0.007980531847265718,4.053189144804381e-05
69,MS,3g,44.158100000000005,0.1321054194264628,43.857290642307504,0.010657186556137009,34.49136041412784,0.0034279067149711184,9.365930228179668,0.010090841433981772,0.2135546927548849,0.00018171635723612448,3.4583962018711136,0.00659710009903225,0.004388193184651815,7.573923666034203e-05
82,MS,3g,97.50540000000001,0.4656045829108958,94.56623123753869,0.0226908264544227,88.79424706807205,0.015604732718842733,5.771984169466628,0.016473187971919954,0.06103641959642144,0.00016387478240593352,2.890140213275574,0.019093063867200694,0.011882023264089011,0.0008768518050776538
83,MS,3g,52.36379999999999,0.06628690635377416,54.305724037831006,0.03371759555366248,43.53906662543409,0.0191865265742872,10.766657412396915,0.027726403443911203,0.19826008405479573,0.0004152873913266428,2.16683774709911,0.012167766165520264,0.04767128558319721,0.0011628210573214745
