# id,sample,weight_mg,lf0_mean,lf0_mean_err,lf0_calc,lf0_calc_err,lf1_fit,lf1_fit_err,dlf_fit,dlf_fit_err,dlf_rel_calc,dlf_rel_calc_err,k_fit,k_fit_err,m_fit,m_fit_err,adR2,FStat,pFStat
497,OSSH,3000,48.88420000000102,0.08268734605244826,48.35881659612696,0.03817482043556395,40.16971792085164,0.009121037267644072,8.18909867527532,0.037069173101780935,0.16934034477450763,0.0006375379491884052,3.9613252449606904,0.02947224152271508,-0.015493007131710873,0.00012578596056065625,0.9168818757538544,38689.72137332139,1.1102230246251565e-16
498,OSSH,3000,48.211599999999365,0.1181499022403283,47.581726452729846,0.02920270604729451,40.89917262396697,0.007730506257035005,6.682553828762876,0.028160918193386984,0.14044370238229315,0.0005092339536261714,2.864105554660523,0.020306646031149594,-0.040850731405021455,0.0001664263478194195,0.9710079261070185,74454.12899050293,1.1102230246251565e-16
499,OSSH,3000,48.179699999999464,0.045165805095779867,45.741792858250406,0.027001396215412296,40.71460791021772,0.010260218874713055,5.027184948032684,0.024976054656904147,0.10990353971501436,0.0004866376401323663,4.3818530518893155,0.04058748934986706,-0.029532081567608535,0.00021156252923906435,0.953013436561674,44916.995000799456,1.1102230246251565e-16
500,OSSH,3000,31.120600000000103,0.1313502679589691,30.948741609019294,2008.3073839667593,-166.34869196483774,1420.089044305698,197.29743357385703,1420.08649551298,6.3749743387420725,382.61359137407425,222.5585334216217,816.6681700379692,0.8219881081687022,3.1321628400597623,0.9311279548980735,6855.415971385835,1.1102230246251565e-16
501,OSSH,3000,49.42050000000034,0.13079318352596547,49.237439176447815,0.028009290359375473,40.90401428416095,0.0052658196488640065,8.333424892286864,0.027509843508486953,0.16924976261302122,0.0004645079190599125,1.0372131371502644,0.00539112852814206,-0.057700205563057105,0.00020154481579520126,0.9868463434601006,96857.61356703885,1.1102230246251565e-16
