# id,sample,weight,lf0_mean,lf0_mean_err,lf0_calc,lf0_calc_err,lf1_fit,lf1_fit_err,dlf_fit,dlf_fit_err,dlf_rel_calc,dlf_rel_calc_err,k_fit,k_fit_err,m_fit,m_fit_err
106,OSSH,8g,65.29040000000015,0.6203326951343545,66.79167896369604,0.03748767626105736,52.71435947481686,0.019093065233924164,14.077319488879185,0.03226113344919797,0.2107645698879762,0.00038594134581613733,3.7618145308611095,0.017945011462310697,-0.15939165915257697,0.0006014901852005332
107,OSSH,8g,56.435899999999876,0.3156276458278183,55.82947433854932,0.03432603460208737,44.78017878646494,0.004943662394350401,11.049295552084379,0.03396817412865145,0.19791150969972549,0.000488327068830006,0.728471238527617,0.0034051077207845138,-0.022559254383459043,0.00018118223063976692
108,OSSH,8g,63.982799999999166,0.42989413693253464,65.38903694403558,0.03578141128447323,52.38285226501202,0.018453652625641137,13.006184679023555,0.030655702540975893,0.19890466792094122,0.0003797414437279443,3.9616315017979287,0.019537548087580917,-0.1618801873798221,0.0005584130225186
109,OSSH,8g,52.67549999999992,0.3936047188165748,52.23174949124624,0.03039824271256473,41.36394469463272,0.012282336769927148,10.867804796613521,0.027806426657916515,0.20806894087349892,0.00042442705586828,3.021390464325577,0.014723407978238002,-0.03712280894772735,0.0003892013716447671
110,OSSH,8g,48.86409999999999,1.9428885727200118,52.635523442302244,0.020850443698634778,43.569875602619526,0.009589813662750598,9.065647839682718,0.018514223622492536,0.172234400777267,0.00029284758693977196,3.1421045211895478,0.012821639511333556,-0.16595156906257166,0.0003295143191513339
111,OSSH,8g,53.804000000000364,0.27415170829152163,52.242991708704935,0.04103883324026507,43.001901819040384,0.010417620722594575,9.241089889664549,0.03969457157096488,0.17688669020317152,0.000626400830951471,1.5639261717060273,0.011199215463672365,-0.047436503114770434,0.0003901157924458157
112,OSSH,8g,51.02269999999965,0.057078612176261444,51.63468609442791,0.022387966537715565,42.30380027510802,0.011400258765370973,9.330885819319894,0.019267982400252865,0.18070964549403593,0.0003083185598539264,3.8828340293110655,0.016688297730610466,-0.17208129768243574,0.0003478954821532767
113,OSSH,8g,55.41370000000039,0.16616233002675473,55.14893182992287,0.04656464593806132,44.30954328920687,0.009005184358945338,10.839388540716003,0.04568558750851757,0.1965475700262745,0.0006663564117878719,1.1896522589342649,0.007928644865277657,-0.054072027058746766,0.0003128138834834429
