# id,sample,weight,lf0_mean,lf0_mean_err,lf0_calc,lf0_calc_err,lf1_fit,lf1_fit_err,dlf_fit,dlf_fit_err,dlf_rel_calc,dlf_rel_calc_err,k_fit,k_fit_err,m_fit,m_fit_err
497,OSSH,3g,48.88420000000102,0.08268734605244826,48.3594034582458,0.038179724791514685,40.169821729135364,0.009120229256657187,8.189581729110438,0.03707442249667303,0.16934827858622037,0.0006376141254253582,3.9606656348313702,0.029463585287177154,-0.015494272886871564,0.0001257775232831977
498,OSSH,3g,48.211599999999365,0.1181499022403283,47.581726512021866,0.0292027067516012,40.89917262913729,0.0077305060759134,6.682553882884578,0.028160918973468892,0.1404437033447322,0.0005092339664835232,2.8641055046545247,0.020306645025416185,-0.040850731479165424,0.00016642634489869132
499,OSSH,3g,48.179699999999464,0.045165805095779867,45.74179285036776,0.02700139608000956,40.71460791232077,0.010260218880831173,5.027184938046984,0.024976054508008088,0.10990353951564813,0.0004866376374297554,4.381853054928164,0.040587489725190204,-0.029532081615107054,0.00021156253016287792
500,OSSH,3g,31.120600000000103,0.1313502679589691,30.948654057683115,3002.587822760133,-226.47918137186898,2123.1514730242693,257.4278354295521,2123.148948138663,8.317900835033074,760.0296545718832,254.82836965509213,1069.2320302190356,0.9457555357144103,4.100845882168539
501,OSSH,3g,49.42050000000034,0.13079318352596547,49.237530465446405,0.028010390681465137,40.904025006870015,0.005265725615369555,8.333505458576392,0.02751098180494382,0.16925108509299883,0.0004645255034813527,1.0371877472077182,0.005390668694477707,-0.05770056603126909,0.00020154210152262402
