# id,sample,weight,lf0_mean,lf0_mean_err,lf0_calc,lf0_calc_err,lf1_fit,lf1_fit_err,dlf_fit,dlf_fit_err,dlf_rel_calc,dlf_rel_calc_err,k_fit,k_fit_err,m_fit,m_fit_err
28,OSSN,5g,101.9412000000002,0.187397112244766,100.1076601706523,0.01140268357274891,95.9840820700241,0.0033945096565525137,4.1235781006281975,0.010885701486436672,0.04119143423788734,0.00010427014635941846,3.2111229795205323,0.014689464615232808,-0.001183942641391631,7.437678126042627e-05
29,OSSN,5g,59.56209999999993,0.2198224554314495,53.04197604398923,0.03501494732040772,48.651734551803315,0.014151168664648581,4.390241492185912,0.03202797154481682,0.08276919186692741,0.0005542852093249476,4.560376944164179,0.06335281828102193,-0.04201269309633984,0.00029736333246539455
30,OSSN,5g,104.56909999999998,0.10726927191277326,102.57561205477249,0.01496896795769237,97.77419347764587,0.00887095985353853,4.801418577126622,0.012057200047910315,0.04680857838374681,0.00011211552395798444,2.392762169632922,0.013323960602081377,-0.06510108448414881,0.0005066517510282388
31,OSSN,5g,57.3737,0.2568740825663306,56.58807073030823,0.0463415530425756,46.27374877347828,0.006134037047655812,10.314321956829948,0.04593379069808885,0.18227025278855566,0.000664063341403405,0.3310428260812435,0.002233961459977917,-0.023460151809232915,0.0004240099749884875
50,OSSN,5g,97.5045000000004,0.21830576585928071,93.90344976689775,0.01727524058730549,89.10142245407259,0.006722676287350054,4.802027312825159,0.015913502470694132,0.051137922246153086,0.0001608421427160123,4.3655928806404365,0.0271915875050325,-0.009999171086620632,0.00014235265567948257
51,OSSN,5g,60.644000000000105,0.1922523366853078,59.20268041115345,0.05302549396997141,47.919145756503475,0.004520771386108913,11.283534654649973,0.05283242978355257,0.19059161808701178,0.0007224620679205366,0.45565619424642523,0.003125190560149347,-0.02888974879105878,0.00010805654631354042
60,OSSN,5g,94.2434000000005,0.055673508417732005,92.30268216886942,0.012415456422554465,88.2826533100314,0.003516811379291248,4.020028858838017,0.011906955778150707,0.04355267652442971,0.00012339192824947673,3.02216096756688,0.01531155554740354,-0.02014925311582595,7.750591143244588e-05
61,OSSN,5g,45.62790000000001,0.15210103459452426,42.34914143037212,0.03383685558456456,36.66626281957291,0.007297199671547452,5.682878610799216,0.03304063668884493,0.1341911174313335,0.0006758963771131979,2.114945340479513,0.019807445769885672,-0.03156843005884887,0.0001653874269865075
