# id,sample,weight_mg,lf0_mean,lf0_mean_err,lf0_calc,lf0_calc_err,lf1_fit,lf1_fit_err,dlf_fit,dlf_fit_err,dlf_rel_calc,dlf_rel_calc_err,k_fit,k_fit_err,m_fit,m_fit_err,adR2,FStat,pFStat
8,OSSN,3000,94.90419703103915,10.218227582545511,93.98544347612327,0.010675492704610181,88.35593224955639,0.003195924101845909,5.629511226566878,0.010185883055554174,0.05989769285918239,0.00010190605088397948,2.9164325170250933,0.009158379517382794,0.012755027421466511,7.755576985572664e-05,0.9827790494777872,110957.02247578668,1.1102230246251565e-16
9,OSSN,3000,96.86739999999999,0.072543107891121,95.35636717199576,0.012442797497661074,92.23800648740946,0.004047965077228822,3.1183606845862895,0.011765933379946384,0.03270217581760066,0.00011936205128925689,3.4876038081371683,0.023373533055626953,-0.004169000914419354,8.975120508650664e-05,0.9487148836279058,38950.2958878342,1.1102230246251565e-16
92,OSSN,3000,64.11670000000004,0.3379723884215026,65.14378934257584,0.06251210561364684,52.97658962201169,0.023822918051422462,12.167199720564158,0.05779473958559678,0.18677451593397063,0.0007247091998627828,4.117680178360079,0.03650858639178328,-0.014362208838147403,0.00052408201271869,0.9191921654843862,23601.35943860835,1.1102230246251565e-16
93,OSSN,3000,52.26899999999971,0.20654699625427048,49.400626720658124,0.03604430476648811,42.64109473792129,0.009978387040785209,6.759531982736834,0.03463558427634457,0.1368308953034024,0.0006058127086610977,2.824631360056191,0.024618420867684846,-0.031131419928252944,0.0002292453715938826,0.946315631811229,36538.18551013337,1.1102230246251565e-16
94,OSSN,3000,62.42680000000035,0.3581201055651722,62.09978523371879,0.05498148439593762,49.3280433808537,0.02663880540848233,12.771741852865093,0.048097169072511374,0.2056648312839949,0.0006215173884680333,3.479089328721095,0.026721682632648847,0.03281881427830191,0.0008669827445871491,0.9498899444654624,25492.18108039379,1.1102230246251565e-16
95,OSSN,3000,52.18460000000001,0.2121505311043264,50.98267035886742,0.04728641629851417,43.45194122161377,0.010212639668396731,7.530729137253652,0.046170414307864685,0.14771154755615565,0.0007724078624334307,1.3168495357711878,0.01301789369296044,-0.06118929205014234,0.0003714286390763035,0.958945553009933,31370.6558624886,1.1102230246251565e-16
