# id,sample,weight,lf0_mean,lf0_mean_err,lf0_calc,lf0_calc_err,lf1_fit,lf1_fit_err,dlf_fit,dlf_fit_err,dlf_rel_calc,dlf_rel_calc_err,k_fit,k_fit_err,m_fit,m_fit_err
52,OSSN,8g,102.1523,0.384815270997387,99.76967609504888,0.02977550994513735,92.45284620127809,0.017490198113779953,7.31682989377079,0.02409717747857,0.07333721206832595,0.00022418402326007452,4.578987252518415,0.03332264710466944,-0.031302969130931065,0.0005176597481077281
53,OSSN,8g,64.11039999999998,0.2288760018530222,61.23947757658512,0.03633973228690215,49.31308412116217,0.007078019635710279,11.926393455422943,0.035643762157216485,0.19475008486981268,0.00046922702527003136,1.4514519156107926,0.006880275029588715,-0.006334167893487683,0.0001908247887990755
54,OSSN,8g,104.4798,0.4433830720139747,102.89301170147183,0.02184882558324175,93.35032964967868,0.013122156130864352,9.542682051793154,0.017469407484060194,0.09274373345664884,0.0001544894510249384,7.369695537133437,0.03031488094198695,0.012794217822867012,0.00022045237875798079
55,OSSN,8g,63.6352,0.1812009762495603,61.28848346421013,0.03366483130668479,51.09816203425349,0.004511041008096082,10.190321429956644,0.03336122563592081,0.1662681282676436,0.0004539911337823325,1.073057796311685,0.005296790041892523,-0.014308785656916158,9.090816140741732e-05
