# id,sample,weight,lf0_mean,lf0_mean_err,lf0_calc,lf0_calc_err,lf1_fit,lf1_fit_err,dlf_fit,dlf_fit_err,dlf_rel_calc,dlf_rel_calc_err,k_fit,k_fit_err,m_fit,m_fit_err
42,OSSN,5g,106.68500000000024,0.3671372901106463,104.93112396379126,0.01828028553467345,97.22270993988575,0.00994387630658966,7.708414023905526,0.015339105685418434,0.0734616549667902,0.0001356225867364399,6.320042427151553,0.02690804781195406,0.015094526533224496,0.0001981867372409628
43,OSSN,5g,65.48440000000004,0.1910317594881352,65.48562131840531,0.025242823665065105,53.73898398859473,0.0028437271442685245,11.746637329810577,0.025082132335878488,0.1793773517501785,0.00031440925949801713,0.7541693023297995,0.0023920658629156704,-0.02212897115293475,6.763540808272244e-05
44,OSSN,5g,108.4787000000004,0.10318409255770312,106.91034910889279,0.014849766302082344,100.7905884442732,0.00839973574935347,6.1197606646195855,0.01224581555338368,0.057241985604091015,0.00010807979786481512,4.42614111618115,0.0192648791266243,-0.02212644201891429,0.00024795969835460273
45,OSSN,5g,65.06689999999973,0.18029669130878803,65.23705635089962,0.02538893676419619,53.38831958084283,0.0035938451847896706,11.848736770056782,0.025133292398810726,0.18162586469757824,0.0003154463458408898,0.7377867878285553,0.0023747544346372417,-0.032192812044365866,0.0001266191488998712
57,OSSN,5g,62.691300000000005,0.2843152214446929,62.71055074267958,0.025756015974278464,51.86597398238115,0.005794452969466222,10.844576760298429,0.025095750111362114,0.17293065731151075,0.00033136528140618587,0.6905074153494226,0.0026013636917366894,-0.055846953176979894,0.00042073097267658095
