# id,sample,weight,lf0_mean,lf0_mean_err,lf0_calc,lf0_calc_err,lf1_fit,lf1_fit_err,dlf_fit,dlf_fit_err,dlf_rel_calc,dlf_rel_calc_err,k_fit,k_fit_err,m_fit,m_fit_err
8,OSSN,3g,94.90419703103903,10.21822758254551,93.98544199362081,0.010675427628497366,88.35593187512046,0.003195944818399718,5.629510118500354,0.010185808351281155,0.059897682014225705,0.00010190530683254401,2.9164343956191403,0.009158524506400229,0.01275503548296013,7.755615302514337e-05
9,OSSN,3g,96.86739999999999,0.072543107891121,95.35637556095257,0.01244289053362446,92.23800899701105,0.0040479262740985645,3.1183665639415183,0.01176604511767755,0.03270223459728954,0.00011936316680441284,3.487580138829991,0.02337304221065577,-0.004169050800794185,8.975053991635269e-05
92,OSSN,3g,64.11670000000004,0.3379723884215026,65.14378935285342,0.06251210552978484,52.976589613625926,0.023822918458540496,12.167199739227485,0.05779473932707618,0.18677451619099802,0.0007247091964274136,4.11768017810384,0.03650858695913906,-0.014362208626481967,0.0005240820188125713
93,OSSN,3g,52.26899999999971,0.20654699625427048,49.40062665951638,0.036044304355121064,42.64109472050206,0.00997838712837248,6.759531939014316,0.034635583823012565,0.1368308945876941,0.000605812702003891,2.8246314249764586,0.024618421226566097,-0.03113141955603821,0.00022924537527923086
94,OSSN,3g,62.42680000000035,0.3581201055651722,62.09978524883962,0.05498148427003902,49.32804340418975,0.026638805495742966,12.771741844649878,0.04809716888026283,0.2056648311016265,0.0006215173860522304,3.4790893122881297,0.02672168315082957,0.03281881347449754,0.0008669827592780017
95,OSSN,3g,52.18460000000001,0.2121505311043264,50.982670352215536,0.04728641614011326,43.451941222367395,0.010212639662642306,7.530729129848138,0.046170414146907854,0.14771154743017256,0.0007724078599578363,1.3168495377195388,0.013017893738894148,-0.06118929208868817,0.0003714286371577863
